Per_Step,Memory
0.00943086,1765.38
0.00939636,1765.81
0.00940056,1767.5
0.00941816,1767.56
0.00939703,1767.56
0.00940438,1770.94
